{"CRIM":0.00632,"ZN":18.0,"INDUS":2.31,"CHAS":"0","NOX":0.538,"RM":6.575,"AGE":65.2,"DIS":4.09,"RAD":"1","TAX":296.0,"PTRATIO":15.3,"B":396.9,"LSTAT":4.98,"MEDV":24.0}
{"CRIM":0.02731,"ZN":0.0,"INDUS":7.07,"CHAS":"0","NOX":0.469,"RM":6.421,"AGE":78.9,"DIS":4.9671,"RAD":"2","TAX":242.0,"PTRATIO":17.8,"B":396.9,"LSTAT":9.14,"MEDV":21.6}
{"CRIM":0.02729,"ZN":0.0,"INDUS":7.07,"CHAS":"0","NOX":0.469,"RM":7.185,"AGE":61.1,"DIS":4.9671,"RAD":"2","TAX":242.0,"PTRATIO":17.8,"B":392.83,"LSTAT":4.03,"MEDV":34.7}
{"CRIM":0.03237,"ZN":0.0,"INDUS":2.18,"CHAS":"0","NOX":0.458,"RM":6.998,"AGE":45.8,"DIS":6.0622,"RAD":"3","TAX":222.0,"PTRATIO":18.7,"B":394.63,"LSTAT":2.94,"MEDV":33.4}
{"CRIM":0.06905,"ZN":0.0,"INDUS":2.18,"CHAS":"0","NOX":0.458,"RM":7.147,"AGE":54.2,"DIS":6.0622,"RAD":"3","TAX":222.0,"PTRATIO":18.7,"B":396.9,"LSTAT":5.33,"MEDV":36.2}
{"CRIM":0.02985,"ZN":0.0,"INDUS":2.18,"CHAS":"0","NOX":0.458,"RM":6.43,"AGE":58.7,"DIS":6.0622,"RAD":"3","TAX":222.0,"PTRATIO":18.7,"B":394.12,"LSTAT":5.21,"MEDV":28.7}
{"CRIM":0.08829,"ZN":12.5,"INDUS":7.87,"CHAS":"0","NOX":0.524,"RM":6.012,"AGE":66.6,"DIS":5.5605,"RAD":"5","TAX":311.0,"PTRATIO":15.2,"B":395.6,"LSTAT":12.43,"MEDV":22.9}
{"CRIM":0.14455,"ZN":12.5,"INDUS":7.87,"CHAS":"0","NOX":0.524,"RM":6.172,"AGE":96.1,"DIS":5.9505,"RAD":"5","TAX":311.0,"PTRATIO":15.2,"B":396.9,"LSTAT":19.15,"MEDV":27.1}
{"CRIM":0.21124,"ZN":12.5,"INDUS":7.87,"CHAS":"0","NOX":0.524,"RM":5.631,"AGE":100.0,"DIS":6.0821,"RAD":"5","TAX":311.0,"PTRATIO":15.2,"B":386.63,"LSTAT":29.93,"MEDV":16.5}
{"CRIM":0.17004,"ZN":12.5,"INDUS":7.87,"CHAS":"0","NOX":0.524,"RM":6.004,"AGE":85.9,"DIS":6.5921,"RAD":"5","TAX":311.0,"PTRATIO":15.2,"B":386.71,"LSTAT":17.1,"MEDV":18.9}
